ap,lat,lon
KIAD,38.9474444,-77.4599444
KTEB,40.8501111,-74.0608333
KHPN,41.0669531,-73.7075661
KLEX,38.03675,-84.6086389
KBUF,42.9404167,-78.7305833
KAAF,29.7275494,-85.0273775
KTIX,28.5148056,-80.7992222
KBNA,36.124475,-86.6781806
KCHO,38.1396428,-78.4523442
KCHS,32.8986389,-80.0405278
KBED,42.4699444,-71.289
KAPA,39.5701186,-104.8492931
KRDU,35.8776389,-78.7874722
KDAL,32.8459447,-96.8508767
KCLE,41.4094069,-81.8546911
KMSL,34.7453056,-87.6102222
KFLL,26.0716667,-80.1496944
KYIP,42.2400278,-83.5308889
KOPF,25.9074167,-80.2782222
KMKY,25.9950278,-81.6725278
KAUS,30.1945272,-97.6698761
KUES,43.0410278,-88.2370556
KEWR,40.6924798,-74.1686868
KSRQ,27.3954444,-82.5543889
KFOK,40.8436186,-72.6318119
KAGS,33.3699444,-81.9645
KASE,39.2218889,-106.8682222
KSTP,44.9346225,-93.0603424
KDTS,30.4000547,-86.4714722
KPIE,27.9086336,-82.68651
KSSI,31.1519664,-81.3910597
KISO,35.3314314,-77.6088314
KPDK,33.8760019,-84.3020306
KMDW,41.7859722,-87.7524167
KEGE,39.64275,-106.9159444
KSUA,27.1816992,-80.2212933
KEWN,35.0728525,-77.0430201
KJZI,32.7010278,-80.00325
KAPF,26.1524408,-81.7756392
KUOX,34.3843333,-89.5368056
KPBI,26.6831617,-80.0955919
KSFB,28.7771781,-81.2349139
KSBA,34.4261914,-119.8414927
KSLC,40.7883933,-111.9777733
KFXE,26.1972794,-80.1707063
KOKC,35.393074,-97.6007617
KPHL,39.8720839,-75.2406631
KPVU,40.21785,-111.72161
KGEV,36.4324722,-81.4185
KUNV,40.85,-77.8475833
KCLT,35.21375,-80.9490556
KAHN,33.9486389,-83.3259167
KMRY,36.5869522,-121.8427831
KSTS,38.5096944,-122.8128889
KNEW,30.0424167,-90.02825
KCXO,30.3533955,-95.4150819
KBHM,33.5638889,-86.7523056
KLAS,36.0800439,-115.1522347
KVNY,34.2098056,-118.4899722
KBOS,42.3629444,-71.0063889
KILM,34.2711389,-77.9028889
KECP,30.35825,-85.7956111
KBZN,45.7772358,-111.1502603
KADS,32.9685556,-96.8364444
KRSW,26.5361667,-81.7551667
KCPP,33.59797,-83.1382603
KHGR,39.7085,-77.7265
KBUY,36.0497278,-79.4730081
KLGA,40.77725,-73.8726111
KORD,41.9766289,-87.9072531
KATL,33.6366996,-84.427864
KTMB,25.6475637,-80.4332246
KCGF,41.5645833,-81.4872222
KBWI,39.1757283,-76.6689911
KSTL,38.7486972,-90.3700289
KHXD,32.224495,-80.6974008
KBKV,28.4736111,-82.4554167
KTPA,27.9754722,-82.53325
KTYS,35.8093739,-83.9953214
KBMG,39.1460208,-86.6166805
KGWW,35.4605556,-77.9649167
KINT,36.1337138,-80.2219877
KVNC,27.0716111,-82.4403333
KMIA,25.7953611,-80.2901158
KLAF,40.4123056,-86.9368889
KSPI,39.8442222,-89.6780833
KBCT,26.3785,-80.1076944
KEYW,24.5561197,-81.7599558
KCEF,42.194015,-72.5347843
KDFW,32.8972331,-97.0376947
KMTN,39.3256667,-76.4137778
KORF,36.8946042,-76.2012292
KHOU,29.6454167,-95.2788889
KVRB,27.6555556,-80.4179444
KFRG,40.7287778,-73.4134167
KJAX,30.4940456,-81.6878467
KHUT,38.0661547,-97.8604897
KGSO,36.1013267,-79.9411228
KILG,39.6787222,-75.6066389
KLUK,39.1033333,-84.4186111
KMMU,40.7993383,-74.4148886
KBVY,42.5841389,-70.9161389
KGPT,30.4072692,-89.0700958
KMTH,24.7261944,-81.0513611
KMEM,35.0424114,-89.9766792
KRVS,36.0395839,-95.9845953
KPVW,34.1681472,-101.7173361
KOAK,37.72125,-122.2211389
KACT,31.6121944,-97.2303056
KSAF,35.6171111,-106.0894167
KSAT,29.5339583,-98.4690569
KUIN,39.9430174,-91.1944634
KMSN,43.1398791,-89.3375045
KTVI,30.9014722,-83.8814444
KXNA,36.2815792,-94.3077656
KJWN,36.1830218,-86.8864953
KSDL,33.6228889,-111.9105278
KBTV,44.471955,-73.1532761
KPTK,42.6656362,-83.4205056
KOGS,44.68225,-75.46325
KPGD,26.9185833,-81.9908889
KSGJ,29.9592517,-81.3397325
KABE,40.6523628,-75.4404058
KFLO,34.1853611,-79.7238889
KCEU,34.6722222,-82.8858889
KMSY,29.9932778,-90.2590278
KPDX,45.5887089,-122.5968694
KUGN,42.4221492,-87.8679192
KOPN,32.9550026,-84.2640862
KOXC,41.4782806,-73.1351825
KFTW,32.8197703,-97.36245
KTUS,32.1160692,-110.9410139
KRIC,37.5051811,-77.3197386
KMQJ,39.8431389,-85.8977222
KMVN,38.3233611,-88.8585
KHND,35.9728611,-115.1344444
KSJC,37.3629947,-121.9286206
KLBE,40.2731005,-79.4103256
KSAV,32.1275833,-81.2021389
KPWK,42.1142778,-87.9015278
KBKL,41.5178611,-81.6826389
KCMH,39.9969467,-82.8921592
KALB,42.7491161,-73.80198
KIAG,43.1075574,-78.9458467
KDAB,29.1799167,-81.0580556
KPLN,45.5709167,-84.7967222
KCRQ,33.12825,-117.2800833
KHYA,41.6693333,-70.2803611
KBDL,41.9391389,-72.6833611
KGYI,33.7141911,-96.6743597
KMLB,28.10275,-80.64525
KMCO,28.4293889,-81.309
KDVT,33.6883056,-112.0825556
KMKE,42.9469319,-87.8970644
KTEX,37.9538056,-107.90875
KMKC,39.1229444,-94.5928333
KCMA,34.21375,-119.0943611
KODO,31.9214152,-102.3871329
KFNT,42.9654722,-83.74475
KGRK,31.06725,-97.8289167
KBOI,43.5643611,-116.2228611
KTYQ,40.0306667,-86.2514444
KEKS,45.2743611,-111.6488611
KBAF,42.1579444,-72.7158611
KCAE,33.9388378,-81.1195361
KCDW,40.8752222,-74.2813611
KHSV,34.6371969,-86.7750542
KBLM,40.1867778,-74.1245556
KSUS,38.6621111,-90.6520556
KSYR,43.1111944,-76.1063056
KORL,28.5454617,-81.33293
KBTR,30.5329167,-91.1498889
KEKY,33.3126111,-86.9263056
KRDG,40.3785,-75.96525
KPSP,33.8296667,-116.5066944
KJAN,32.3111667,-90.0758889
KOUN,35.2455556,-97.4721389
KJQF,35.3877703,-80.7091325
KCQF,30.4605,-87.8770278
KAIK,33.6493889,-81.6850278
KOLV,34.97875,-89.7868611
KFWA,40.9784722,-85.1951667
KBOW,27.9433611,-81.7834167
KFMY,26.5866111,-81.86325
KLEE,28.8228889,-81.8084167
KSAN,32.7335556,-117.1896667
KDWH,30.0617791,-95.5527884
KICT,37.6499444,-97.4330556
KOSU,40.0795156,-83.0732128
KGVL,34.2726264,-83.8302261
KHUF,39.4506319,-87.30699
KLAL,27.9876389,-82.019
KPWM,43.6456435,-70.3086164
KTLH,30.3967542,-84.3508689
KITH,42.4913611,-76.4587222
KPOU,41.6265833,-73.8841944
KTTN,40.2766944,-74.8134722
KTUL,36.1983889,-95.8881111
KJYO,39.0779722,-77.5575
KSGF,37.2456667,-93.3886389
KEDJ,40.3722778,-83.81925
KAPC,38.2131892,-122.2806872
KEDC,30.3974931,-97.5663935
KISM,28.2898056,-81.4370833
KROA,37.3254722,-79.9754167
KIUA,42.9089019,-77.3252263
KSJT,31.3577483,-100.4963042
KCRP,27.7721944,-97.5024167
KFHB,30.6118333,-81.4611944
KHEF,38.7210231,-77.5151012
KLBB,33.6636667,-101.8205556
KFLG,35.1403158,-111.6692414
KHQU,33.5297222,-82.5169444
KMPV,44.2034895,-72.5620976
KRYY,34.0131667,-84.5970278
KGED,38.6876328,-75.3593044
KSMF,38.6954444,-121.5907778
KFWS,32.5651336,-97.3084394
KAGC,40.3544376,-79.9290467
KPGA,36.9260694,-111.4483506
KGJT,39.1224167,-108.52675
KCOS,38.8058131,-104.7007747
KIMT,45.8183611,-88.1145556
KMHT,42.9328056,-71.43575
KSNA,33.6756667,-117.8682222
KCHA,35.0351944,-85.2035556
KSWF,41.5041111,-74.1048333
KBIV,42.7427778,-86.1078333
KLAX,33.9424964,-118.4080486
KMTV,36.6307525,-80.0183383
KRMG,34.3507778,-85.1586667
KFFC,33.3577222,-84.5725278
KSVH,35.765,-80.9538889
KSDF,38.1740858,-85.7364989
KMYR,33.6797411,-78.9283214
KMQS,39.9789722,-75.8654722
KAAO,37.7475833,-97.2211111
KEVV,38.0408056,-87.5285
KJAC,43.6073333,-110.73775
KIND,39.7173056,-86.2946389
KDRO,37.1515278,-107.7537778
KMSP,44.8819722,-93.2217778
KJFK,40.6399278,-73.7786925
KXWA,48.259785,-103.7505544
KGMJ,36.6067778,-94.7385556
KAMA,35.2193611,-101.7059167
KUZA,34.9878333,-81.0571667
KLGB,33.8179297,-118.1518906
KGRR,42.8808333,-85.5228056
KDET,42.4093275,-83.0101739
KHDN,40.4811944,-107.2176667
KGRI,40.9675425,-98.3096389
KSOP,35.2374225,-79.3890336
KPCW,41.5162778,-82.8695
KRIL,39.5266111,-107.728
KPKB,39.3449619,-81.4392931
KCVG,39.0488367,-84.6678222
KAVQ,32.4095556,-111.2183889
KPNS,30.4734167,-87.1866111
KEHR,37.8078333,-87.6856944
KBTP,40.7765833,-79.9510833
KPIA,40.6641944,-89.69325
KSBY,38.3401894,-75.5094781
KLYH,37.3253889,-79.2012222
KAVL,35.4361106,-82.5420472
KPNE,40.0819444,-75.0105833
KERV,29.9766667,-99.0854722
KIAH,29.9844353,-95.3414425
KBDR,41.1634722,-73.1261667
KMGY,39.5889722,-84.2248611
KBRO,25.9061389,-97.426
KMGM,32.3006389,-86.3939722
KPSM,43.0779444,-70.8232778
KPVD,41.7223333,-71.4277222
KTOL,41.5868167,-83.8078267
KTCL,33.2206275,-87.6114015
KACK,41.2529751,-70.0599114
KIXD,38.8309167,-94.8903056
KISP,40.7961357,-73.1006651
KACY,39.4575833,-74.5771667
KVPC,34.1231475,-84.8487067
KMAF,31.9425278,-102.2019167
KBPT,29.9508333,-94.0206944
KTRM,33.6266706,-116.1596544
KRWI,35.8562528,-77.8919333
KBGR,44.8074444,-68.8281389
KAIZ,38.0960278,-92.5494722
KOCF,29.1718768,-82.2241146
KGRB,44.4846336,-88.1297133
KASW,41.2746944,-85.8400833
KPIT,40.4914167,-80.2326944
KMIV,39.3678056,-75.0722222
KTKI,33.1770653,-96.5887667
KBGM,42.2084444,-75.9796111
KSHD,38.2638333,-78.8964444
KBUR,34.2006944,-118.3586667
KTUP,34.269,-88.7698889
KRNO,39.4991111,-119.7681111
KRFD,42.1953611,-89.0972222
KUDD,33.7484375,-116.2748133
KROC,43.1191436,-77.6718689
KLBL,37.0439167,-100.9599722
KASH,42.7824139,-71.5140944
KFCM,44.8275,-93.4585833
KMVY,41.3934175,-70.6138744
KFTY,33.7791264,-84.521366
KSBN,41.7082222,-86.3173333
KCON,43.2027222,-71.5022778
KCZL,34.4553889,-84.9391667
KRBW,32.921,-80.6406111
KPAE,47.9073174,-122.282094
KBBP,34.6217086,-79.7343594
KLEB,43.6261111,-72.3041944
KLCI,43.5730417,-71.4178417
KORH,42.2671389,-71.8756111
KHAO,39.36375,-84.5219444
KEWB,41.676566,-70.957836
KFCI,37.4064444,-77.5248333
KHKY,35.7411456,-81.3895506
KESN,38.8041667,-76.069
KFDK,39.4170211,-77.3747322
KCYS,41.1556389,-104.8104722
KSGR,29.6222486,-95.6565342
KMCN,32.6928333,-83.6492222
KUAO,45.2471389,-122.7700556
KBQK,31.2590347,-81.4663158
KBFI,47.5299722,-122.3019444
KRST,43.9082778,-92.5000278
KCOU,38.8173333,-92.2180278
KLZU,33.9780761,-83.9623772
KTME,29.8050278,-95.8978889
KUCY,36.379744,-88.9857038
KMRN,35.8202222,-81.6114167
KPHF,37.1318889,-76.4929722
KJKA,30.2896389,-87.6717778
KTYR,32.3535556,-95.4029722
KDPA,41.9070531,-88.247995
KPWA,35.5341639,-97.6470528
KFNL,40.4518272,-105.0113356
KEDE,36.0277345,-76.5670922
KVLD,30.7813722,-83.2762194
KHBV,27.3495556,-98.7369444
KMHR,38.5553108,-121.2972114
KBCB,37.2093867,-80.41209
KATW,44.2580833,-88.5190833
KLNK,40.8508889,-96.7591111
KMSV,41.7016389,-74.7950278
KCIN,42.0466667,-94.7886944
KAFW,32.9903858,-97.3194406
KABQ,35.0389316,-106.6082622
KGLH,33.4828811,-90.9856139
KBFL,35.4338611,-119.0576667
KPGV,35.6356944,-77.3840833
KMOB,30.6914167,-88.2428333
KPQL,30.4627811,-88.5292278
KJVL,42.62025,-89.0415556
KJMS,46.9297222,-98.6781944
KOMA,41.3031667,-95.8940556
KPPO,41.5724722,-86.7345275
KPHX,33.4342778,-112.0115833
KARR,41.7719167,-88.4756667
KMRH,34.7337586,-76.6603547
KBEH,42.1283808,-86.4248811
KEEN,42.8983889,-72.2707778
KDAY,39.90225,-84.2194167
KCEY,36.6645811,-88.3727756
KGXY,40.4374167,-104.6332222
KHKS,32.3347778,-90.2225278
KCID,41.8846886,-91.7107986
KGSP,34.8956711,-82.2188594
KOXR,34.2008069,-119.2072264
KTXK,33.4537222,-93.9910278
KMCC,38.6676389,-121.4006111
KOGB,33.4569178,-80.8594067
KTHV,39.917,-76.8730278
KDEN,39.8616667,-104.6731667
KSEA,47.4498889,-122.3117778
KSEF,27.4563889,-81.3423889
KOKV,39.1435278,-78.1444444
KCAK,40.9150556,-81.4436389
KOAJ,34.8291667,-77.6121389
KDIJ,43.7426944,-111.0967778
KOFP,37.7089444,-77.4366389
KJVY,38.3666183,-85.7381447
KTTF,41.9398889,-83.4346667
KMTJ,38.5098056,-107.89425
KROG,36.3724167,-94.1069722
KEAT,47.3988056,-120.2068333
KAIA,42.0532222,-102.80375
KGEG,47.6190278,-117.5352222
KRME,43.2338056,-75.4070278
KEUG,44.1245833,-123.2119722
KBHB,44.4497053,-68.3614897
KLVK,37.6933889,-121.8203611
KMML,44.4517222,-95.8244167
KSHR,44.7691944,-106.9802778
KCVO,44.4971111,-123.2895278
KLIT,34.7294444,-92.2247778
KLCQ,30.1820556,-82.5768611
KTRI,36.4752078,-82.4074153
KXNX,36.3750833,-86.4084167
KUNI,39.2118928,-82.2292554
KSFO,37.6188056,-122.3754167
KSJS,37.7510197,-82.6366864
KBLI,48.7926944,-122.5375278
KCVX,45.3048611,-85.2753056
KTOC,34.5928117,-83.2963717
KMLJ,33.1542261,-83.2414028
KTIW,47.2679444,-122.5781111
KHCR,40.4818056,-111.4288056
KDVN,41.6102778,-90.5883611
KCRE,33.81175,-78.7239444
KFPR,27.4974722,-80.3726389
KBTM,45.9548056,-112.4974722
KBRD,46.4042222,-94.1338056
KHVN,41.2637494,-72.8868006
KEAU,44.8658056,-91.48425
KDMW,39.6082778,-77.0076667
KTVC,44.7415833,-85.5818611
KBDN,44.0945608,-121.2002211
KLAN,42.7786389,-84.5861944
KGOV,44.6803333,-84.7288611
KSGU,37.0363781,-113.5103028
KREG,30.1713667,-90.9403861
KLBF,41.1262222,-100.6836667
KRKD,44.0601422,-69.0996697
KMCI,39.2976111,-94.7138889
KMBS,43.5329269,-84.0796358
KFSD,43.5820133,-96.7419164
KPRC,34.6548333,-112.4192222
KSUT,33.9308056,-78.0733611
KNUQ,37.4161422,-122.0491311
KAVP,41.3384722,-75.7233889
KHLN,46.6067222,-111.9832778
KFAT,36.7765556,-119.7188333
KBJC,39.9088056,-105.1171944
KACB,44.9885772,-85.1983464
KCOE,47.7743056,-116.8195833
KBRY,37.8143333,-85.4996389
KPRB,35.6728889,-120.6270833
KRUT,43.5297303,-72.9496261
KGPI,48.3105,-114.256
KGGE,33.3114167,-79.3203056
KPAH,37.0602883,-88.7729592
KDTW,42.2124444,-83.3533889
KHOT,34.4780278,-93.0962222
KOKZ,32.9663744,-82.8374881
KPSF,42.4276201,-73.2908398
KBFF,41.8740278,-103.5956389
KGAO,29.4411111,-90.2611111
KOTH,43.4169444,-124.2470278
KTWF,42.4818056,-114.48775
KWWD,39.0083694,-74.9085111
KSUN,43.5037806,-114.2955583
KRBD,32.6813056,-96.8687778
KTVR,32.3516111,-91.0276887
KSEZ,34.8485892,-111.7884475
KGVT,33.0678333,-96.0653333
KGTR,33.4482778,-88.5913889
KMDD,32.0365704,-102.1015276
KELP,31.8073333,-106.3763611
KDLZ,40.2795421,-83.1133836
KDSM,41.5339728,-93.6630719
KPEO,42.6370833,-77.0528611
KLWC,39.0111111,-95.2164722
KLFT,30.2050278,-91.98775
KVPZ,41.4539722,-87.0070833
KGLR,45.0130278,-84.7034444
KEAR,40.7270406,-99.00677
KIFP,35.1546111,-114.5593333
KBAK,39.261915,-85.8963389
KLWB,37.8583067,-80.3994825
KBBG,36.5320825,-93.2005444
KBRL,40.7829769,-91.1255864
KSAC,38.5128611,-121.4933003
KGTU,30.6788056,-97.6793889
KVQQ,30.2187778,-81.8771667
KTRK,39.3200556,-120.1395833
KHBG,31.2649444,-89.2528889
KCSG,32.5163333,-84.9388611
KIMS,38.7599167,-85.4646944
KOQU,41.5971389,-71.4121389
KGMU,34.8479444,-82.35
KMQY,36.0089703,-86.5200897
KABI,32.4113333,-99.6818889
KBFM,30.6267778,-88.0680833
KOXI,41.3297008,-86.66461
KBGE,30.9715981,-84.6369278
KHUM,29.5665021,-90.6604267
KLNS,40.1223611,-76.2943611
KAND,34.4945833,-82.7093889
KUVA,29.2113333,-99.7435833
KAOO,40.2963611,-78.3200278
KGSH,41.5261334,-85.7942702
KDED,29.0670278,-81.28375
KCLL,30.5880419,-96.3625444
KAEX,31.3273717,-92.5485561
KHON,44.3851944,-98.2285556
KHDC,30.5216874,-90.4183808
KIDA,43.5137222,-112.07075
KSBD,34.0953611,-117.2348889
KEKX,37.686,-85.9250278
KHOB,32.6875,-103.2173333
KISW,44.360355,-89.8390394
KOLM,46.9694044,-122.9025447
KRDM,44.2540689,-121.1499714
KMWO,39.53175,-84.3964444
KMFD,40.8214167,-82.5166389
KHZL,40.9867725,-75.9947031
KAXN,45.8663056,-95.3946667
KENW,42.5960633,-87.9273239
KGYY,41.61725,-87.4145278
KSVC,32.6365469,-108.1563853
KHRF,46.2514944,-114.1255403
KFOE,38.9509492,-95.6636136
KGFL,43.3412222,-73.6103056
KBWG,36.9645278,-86.4196667
KFFT,38.1817317,-84.9067498
KRHP,35.1952297,-83.8630386
KCWA,44.7776237,-89.666778
KONX,36.3999444,-76.0154444
KMSO,46.9163056,-114.0905556
KPHN,42.9109722,-82.5288611
KCNI,34.3122192,-84.4221528
KSWO,36.1613889,-97.0858889
KEMP,38.3305556,-96.1899444
KPUB,38.2899475,-104.4980281
KDAN,36.5724722,-79.33625
KLRD,27.5441944,-99.4615833
KFHU,31.5884722,-110.3443889
KEQY,35.0174161,-80.6220558
KSDM,32.5722778,-116.9801667
KFYV,36.0050833,-94.1700556
KJWY,32.4582931,-96.9125264
KLRU,32.2894167,-106.9219722
KJBR,35.8317111,-90.6464219
KHDO,29.3591306,-99.1774917
KWVL,44.53325,-69.6755278
KRAP,44.0453333,-103.0573611
KDZB,30.5270514,-98.3587569
KAUG,44.3206497,-69.7973181
KBXM,43.8923551,-69.9388297
KBJI,47.5107222,-94.9347222
KMEV,39.0005,-119.7511111
KMOP,43.6216389,-84.7373056
KCLS,46.6770278,-122.98275
KBYG,44.3810833,-106.7218056
KCVC,33.6322475,-83.8466189
KARV,45.9279167,-89.7309444
KYNG,41.2615833,-80.6803611
KCPS,38.5703611,-90.1550833
KLSE,43.8792778,-91.2566389
KCRW,38.3760126,-81.5928929
KLHQ,39.7556384,-82.657096
KRKS,41.5942222,-109.0651944
KANE,45.1448889,-93.2101944
KALX,32.91475,-85.9629444
KGON,41.3300556,-72.0451389
KTVL,38.8938889,-119.9953333
KLUG,35.5069742,-86.8038875
KMMV,45.1945556,-123.1360556
KHIO,45.5421217,-122.9507219
KPHT,36.3359444,-88.3844444
KPSO,37.2862486,-107.0560089
KSFM,43.3938056,-70.708
KEEO,40.0488056,-107.8859167
KGUC,38.5343333,-106.93175
KCDC,37.70097,-113.0988503
KOZW,42.6294278,-83.9821931
KSBM,43.7697778,-87.8517222
KCKV,36.6218611,-87.4149444
KBKW,37.7873333,-81.1241667
KRKP,28.0862222,-97.0436944
KLEW,44.0484728,-70.2835075
KPXE,32.5105833,-83.7673333
KSRR,33.4609444,-105.5301389
KLWM,42.7170422,-71.1235333
KSLK,44.3853081,-74.2061814
KFIN,29.4651511,-81.2076489
KMGW,39.6435954,-79.917547
KAUW,44.9262845,-89.6270018
KSAA,41.4435278,-106.8275278
KMDT,40.1931907,-76.7626206
KIWA,33.3078239,-111.6554592
KFAR,46.9206389,-96.81575
KDEC,39.8345625,-88.8656892
KDMO,38.7074167,-93.1759167
KONT,34.0560142,-117.6011875
KMJX,39.9260417,-74.2955347
KCPR,42.9058611,-106.4636389
KSSF,29.3369814,-98.4710444
KSMX,34.8999444,-120.4580833
KSPA,34.9164167,-81.9557778
KALS,37.435125,-105.8678753
KSCK,37.8944103,-121.23874
KEFD,29.6073333,-95.15875
KGGG,32.384,-94.7115
KMKG,43.1676717,-86.2354387
KCNY,38.7574987,-109.7535419
KJER,42.7266944,-114.4566389
KCXP,39.1923056,-119.7325833
KDPL,35.0000278,-77.9816667
KAFO,42.7087706,-110.9421711
KAKR,41.0375,-81.4669167
KPIB,31.4671389,-89.3370556
KCKB,39.2976547,-80.2275319
KAUO,32.6151111,-85.434
KELM,42.1598561,-76.8917457
KCEW,30.7788311,-86.5221128
KANK,38.5382778,-106.0486111
KMLI,41.4482778,-90.5075278
KPWT,47.49025,-122.7648056
KIMM,26.4337122,-81.4004782
KRAC,42.7611667,-87.8139167
KMBL,44.2724722,-86.2468889
KGKY,32.6638611,-97.0942778
KMWL,32.7816056,-98.060175
KPQI,46.6889639,-68.0447914
KSCH,42.8525556,-73.9289722
KHNB,38.2490278,-86.9536944
KUKF,36.2236021,-81.0986063
KLOT,41.6080969,-88.0963897
KGNV,29.6900556,-82.2717778
KADM,34.3038734,-97.0205974
KCWI,41.83075,-90.3289722
KMTO,39.4778889,-88.2799722
KSLN,38.7906111,-97.6522222
KIER,31.73572,-93.0991364
KERI,42.0830833,-80.1739444
KULM,44.3183867,-94.5016433
KAEJ,38.8141944,-106.1206111
KCPT,32.35375,-97.43375
KMFR,42.3749647,-122.8732875
KEYF,34.6018042,-78.5792708
KPMP,26.2474008,-80.1112081
KRHI,45.6308997,-89.4666282
KCGI,37.2253056,-89.57075
KCEZ,37.303,-108.6280556
KGAD,33.9726489,-86.0890834
KMYL,44.8887222,-116.10175
KART,43.9918333,-76.0194167
KMCK,40.2062778,-100.5920833
KECG,36.2605833,-76.1745556
KEVB,29.0556944,-80.9489167
KBIL,45.8078491,-108.5435436
KBAZ,29.70575,-98.0432222
KDLN,45.2553611,-112.5525
KVGT,36.2107031,-115.1944428
KSKX,36.4516944,-105.6730833
KRUQ,35.6458833,-80.5202917
KPKD,46.9012038,-95.0731062
KFLD,43.7711667,-88.4884167
KLAR,41.3120556,-105.675
KDLH,46.8420698,-92.1932372
KBLH,33.6191667,-114.7168889
KDDC,37.7631111,-99.9654167
KOWB,37.7388342,-87.1668286
KHYR,46.0252661,-91.444265
KLOZ,37.0868889,-84.0773889
KDNN,34.7229389,-84.8702414
KLGU,41.7917782,-111.851649
KSHV,32.4465278,-93.8260278
KFDY,41.0120278,-83.6686111
KVIS,36.3186389,-119.3928611
KAVC,36.6882778,-78.0544722
KMWA,37.7549722,-89.0110833
KEGV,45.9323333,-89.2682778
KGLY,38.3547003,-93.6791869
KSBP,35.2372778,-120.6426111
KCNM,32.3374444,-104.2633611
KSNS,36.6627865,-121.6063664
KGYR,33.4232778,-112.3753611
KSAW,46.3491583,-87.3963717
KCOD,44.5201944,-109.0238056
KJST,40.3155556,-78.8346667
KHRO,36.2615206,-93.1547289
KABY,31.5355278,-84.1944722
KLCH,30.1260833,-93.2234167
KINF,28.8036128,-82.3182908
KMEI,32.3326111,-88.7518611
KTBR,32.48275,-81.7369444
KATY,44.9139722,-97.1547222
KIPT,41.2416667,-76.9218056
KHHR,33.9228611,-118.3350833
KHYI,29.89275,-97.863
KMKJ,36.8948611,-81.3499444
KHLG,40.1750114,-80.6462683
KVYS,41.3501389,-89.1529444
KJTC,34.1294167,-109.3108611
KACV,40.9778333,-124.1084722
KDTN,32.5408222,-93.7438336
KLDM,43.9625278,-86.4079167
KDKK,42.4939444,-79.2711111
KPVG,36.7807648,-76.4512804
KHIB,47.3865833,-92.8389722
KYKM,46.5681667,-120.5440556
KRNV,33.7625278,-90.7579444
KMDQ,34.8593611,-86.5575278
KMBT,35.8786583,-86.3774708
KANB,33.5881667,-85.8581111
KFQD,35.4282222,-81.9350778
KWMC,40.8966111,-117.8058889
KMUT,41.3678889,-91.1482222
KFSM,35.3365833,-94.3674444
KPEQ,31.3823889,-103.5107222
KHFY,39.6276111,-86.0880278
KRSN,32.5146018,-92.5884434
KINL,48.5655833,-93.4021667
KBMQ,30.7389272,-98.2386103
KWYS,44.6883889,-111.1176389
KOCW,35.5704722,-77.0498056
KGTF,47.4822993,-111.3702794
KAWM,35.1350556,-90.2344444
KSLR,33.1598333,-95.6211389
KSTC,45.5462222,-94.0593889
KOGD,41.1950704,-112.0121947
KASX,46.5485278,-90.9189722
KBGF,35.1775336,-86.0661664
KMKT,44.2227778,-93.9193056
KBWD,31.7936111,-98.9565
KPTT,37.7025278,-98.747
KCPF,37.3873611,-83.2616111
KLMT,42.1561439,-121.7332047
KCFO,39.7841944,-104.5376389
KLXT,38.9590978,-94.371895
KFAY,34.9912222,-78.8802778
KSUX,42.4013094,-96.3844181
KCCR,37.9896567,-122.0569022
KARM,29.2542778,-96.1543889
KGKT,35.8577589,-83.5287047
KBML,44.5753611,-71.1759167
KALN,38.8899167,-90.046
KGVQ,43.03175,-78.1696667
KSLE,44.9095278,-123.0025
KGBG,40.9380005,-90.4311236
KVGC,42.8434444,-75.5611944
KPAN,34.2568364,-111.3392558
KGRD,34.2503938,-82.1578093
KAZO,42.2343889,-85.5515556
KGCK,37.9275278,-100.7244167
KLQK,34.8099722,-82.7028889
KRIF,38.7341111,-112.1015833
KHRL,26.2271111,-97.6551389
KAMW,41.9920436,-93.6218208
KLGD,45.2895479,-118.006124
KBMI,40.4771111,-88.9159167
KJEF,38.5911736,-92.1561447
KSPZ,39.4030556,-119.2511944
KVDF,28.0139872,-82.3452592
KSOW,34.2654717,-110.0056625
KOBE,27.2665833,-80.8503889
KRTN,36.7424392,-104.5017264
KMRB,39.4023568,-77.9829991
KBIS,46.7727222,-100.74575
KIYA,29.9757778,-92.0842222
KUTS,30.7468889,-95.5871667
KTRL,32.7084944,-96.2670944
KMCW,43.1578056,-93.33125
KSRC,35.2106097,-91.7375394
KAIO,41.4038333,-95.04875
KARA,30.0377583,-91.8838961
KDTO,33.2019606,-97.1990975
KBDG,37.5833333,-109.4832778
KMRC,35.5543889,-87.1791389
KMHK,39.1412222,-96.6718056
KPUW,46.7416914,-117.1116192
KIOW,41.6397778,-91.5481389
KMLU,32.5108611,-92.0376667
KAST,46.1579722,-123.8786111
KHKA,35.9404167,-89.8308056
KSPW,43.1656389,-95.2028056
KRAL,33.9518889,-117.4451111
KCMI,40.0388333,-88.2778056
KMTW,44.1287778,-87.6805833
KSIK,36.8988889,-89.56175
KGPZ,47.2092839,-93.5099447
KCMD,34.2686944,-86.8580278
KASN,33.5695042,-86.0512014
KMHE,43.7748333,-98.0386111
KASG,36.1763889,-94.11925
KOSH,43.9844911,-88.5569349
KFEP,42.2461147,-89.5819767
KANW,42.5792222,-99.9929722
KVSF,43.3437222,-72.5172778
KBAX,43.7802222,-82.9854167
KCUT,43.7336606,-103.6194983
KLWT,47.04925,-109.4666944
KAJR,34.4998517,-83.5566647
KGIC,45.9426667,-116.1230278
KPTN,29.7095464,-91.3389786
KCPK,36.6656111,-76.3206667
KJXN,42.2604431,-84.4621386
KEKM,41.7194062,-86.003219
KEXX,35.7811406,-80.3037742
KMZZ,40.4899167,-85.6797778
KCXY,40.2171389,-76.8513611
KDIK,46.7996519,-102.8026761
KBVO,36.7633611,-96.0111944
KDHN,31.3210278,-85.4494722
KONO,44.0193611,-117.0130278
KBDH,45.1170278,-95.1293333
KNQA,35.3566389,-89.8704167
KGIF,28.0629167,-81.7533056
KAFJ,40.1364722,-80.2901944
KRNT,47.4931389,-122.21575
KTPL,31.1519004,-97.4076629
KVDI,32.1927222,-82.3711667
KICR,43.3894847,-99.8412144
KTPH,38.0601944,-117.0868056
KCUB,33.9704722,-80.99525
KGDV,47.1387222,-104.8072222
KCVN,34.4265903,-103.07758
KIKV,41.6913468,-93.5663491
KEFK,44.8881786,-72.2286359
KONP,44.5803611,-124.0579167
KGCC,44.3489081,-105.5393675
KASD,30.3463333,-89.8208056
KMFE,26.1758333,-98.2386111
KFFZ,33.4608406,-111.7283253
KCCO,33.3115656,-84.7697554
KALW,46.0925417,-118.2840825
KMRF,30.3711111,-104.0175278
KMCB,31.1784444,-90.4718611
KDBQ,42.402,-90.7094722
KBYY,28.9732467,-95.8634519
KCAG,40.4952222,-107.5216667
KGCN,35.9523611,-112.1469722
KLBO,37.6483333,-92.6524444
KRGA,37.631533,-84.3324404
KGPC,39.6335278,-86.8138056
KAPN,45.0780833,-83.5603056
KBKS,27.2060556,-98.1210278
KLXY,31.6411783,-96.5144594
KRMN,38.3981111,-77.4554722
KHQZ,32.7469628,-96.5304172
KGLE,33.6521944,-97.1972778
KOCH,31.5777639,-94.7101111
KPNA,42.7973889,-109.8110278
KOSA,33.0968889,-94.96175
KJLN,37.1531683,-94.4988078
KMHL,39.0955,-93.2028056
KLCK,39.8137778,-82.9278056
KCXW,35.0198889,-92.5551111
KLVM,45.6994167,-110.4480278
KPWG,31.4849167,-97.3165278
KJZP,34.4534722,-84.4572222
KVIH,38.1274167,-91.7695
KMIE,40.2424722,-85.39575
KSPF,44.4810556,-103.786
KWDR,33.9826897,-83.6672167
KTTA,35.5824394,-79.1013378
KPIH,42.9097925,-112.5959189
KLHX,38.05,-103.50975
KMOD,37.6258247,-120.95443
KGBD,38.34425,-98.8591944
KRZT,39.4404167,-83.0230556
KPIR,44.3826944,-100.2859722
KDNL,33.4665833,-82.0393889
KIDP,37.1579263,-95.7789503
KSFZ,41.92075,-71.4914167
KAVO,27.5912999,-81.5289668
KHSA,30.3678056,-89.4546111
KPTS,37.4500556,-94.7312222
KDKB,41.9338342,-88.7056864
KDUA,33.9396975,-96.3950575
KCTY,29.6355278,-83.10475
KRIW,43.06425,-108.4598333
KMJD,30.4874722,-89.6511944
KLFK,31.2340278,-94.75
KSGT,34.5994785,-91.5750003
KEUF,31.9513056,-85.1289167
KMKL,35.5998889,-88.9156111
KFYG,38.5875833,-90.9938056
KVUJ,35.4166939,-80.1507911
KEET,33.1777778,-86.7832222
KCWF,30.2105833,-93.1431944
KCDH,33.6228056,-92.7633889
KIKK,41.0713889,-87.8462778
KMMH,37.6240556,-118.83875
KCRS,32.0280556,-96.4005833
KBPK,36.3689425,-92.4705197
KBTL,42.3064728,-85.2500889
KAXH,29.5061389,-95.4769167
KZZV,39.9444461,-81.8920942
KGPH,39.3325078,-94.3096481
KALM,32.8394167,-105.9911389
KHYS,38.8422222,-99.2731667
KCKM,34.2997222,-90.5123056
KPSC,46.2646817,-119.1190239
KCHD,33.2691111,-111.8111111
KDRT,29.3742069,-100.9271569
KSBO,32.6091389,-82.3699444
KMGR,31.0855794,-83.8028092
KESF,31.3949025,-92.2957719
KARG,36.1246667,-90.9251111
KLBT,34.6098056,-79.0595556
KGEU,33.5269167,-112.2951389
KHEZ,31.6136611,-91.2973356
KVCT,28.8525458,-96.9184887
KRNM,33.0391667,-116.91525
KALO,42.5570833,-92.4003333
KUNO,36.8784231,-91.9026744
KCTJ,33.6316964,-85.1522641
KILE,31.0858333,-97.6865
KGYH,34.7583056,-82.3764167
KGWO,33.4933089,-90.0866774
KDHT,36.0224722,-102.5473889
KESC,45.722675,-87.0937167
KCTZ,34.9749389,-78.3656292
KGLW,37.0317778,-85.95375
KGCY,36.1957222,-82.8113611
KCFJ,39.9746389,-86.9210833
KDLS,45.6193552,-121.1682757
KPNC,36.7319167,-97.0997778
KJYR,40.8964164,-97.6240724
KGDJ,32.4444167,-97.8169444
KMOR,36.1793889,-83.3754444
KGWB,41.3071667,-85.0643611
KBFD,41.8029543,-78.639966
KGLS,29.2653333,-94.8604167
KCDN,34.2835833,-80.5648611
KCIC,39.7953889,-121.8584167
KRPH,33.1107222,-98.5547778
KSRB,36.0567378,-85.5301061
KDQH,31.4767385,-82.8605664
KTDF,36.2846111,-78.9846389
KMCX,40.7101939,-86.7667939
KIPL,32.8342222,-115.57875
KCJR,38.5254722,-77.8596389
KGDA,37.3362722,-88.109725
KPMU,34.3635,-89.8928889
KRDD,40.5089722,-122.2933889
KROW,33.2998697,-104.5293976
KOWD,42.1905278,-71.1729444
KTOA,33.8033829,-118.3396076
KLGC,33.0091503,-85.0732036
KCFV,37.094,-95.572
KGKJ,41.6265278,-80.2147222
KMAI,30.8382214,-85.1822236
KMGJ,41.5118117,-74.2635392
KBFA,45.1658415,-84.9241139
KMYV,39.0977778,-121.5698333
KCIU,46.2507511,-84.4723847
KJHW,42.1533939,-79.2580231
KAEG,35.1449094,-106.7951739
KOFK,41.9854603,-97.4351136
KMYF,32.8157222,-117.1395556
KTZR,39.9011667,-83.1369167
KORK,34.8331389,-92.2541389
KBMC,41.5543056,-112.06225
KBLV,38.5451667,-89.8351944
KVEL,40.4360778,-109.5114225
KDTL,46.8251389,-95.8855
KPSK,37.1373453,-80.6784817
KFKL,41.3774167,-79.8606389
KJNX,35.5409381,-78.3903256
KDZJ,34.8544311,-83.99732
KSIY,41.7814444,-122.4681111
KHWD,37.6589285,-122.1217372
KSZT,48.2995278,-116.5601389
KOEO,45.3093431,-92.6901228
KTOP,39.068823,-95.6223759
KFST,30.91525,-102.9127778
KCOT,28.4557222,-99.2172222
KLWS,46.3744981,-117.0153958
KSMN,45.1232778,-113.8814444
KVTN,42.8566944,-100.5489722
KANJ,46.4792222,-84.3683889
KHFD,41.7367222,-72.6494444
KTNU,41.67443,-93.0217283
KMPO,41.1376944,-75.3800556
KRBG,43.2393362,-123.3558491
KHSP,37.9514444,-79.8338944
KADG,41.8676739,-84.0773058
KSUE,44.8436667,-87.4215278
KSEE,32.8262222,-116.9724444
KVBT,36.3453353,-94.2195033
KCNO,33.9747793,-117.6364828
KPKV,28.6533056,-96.6827222
KMAE,36.9886003,-120.1124497
KGFK,47.9472778,-97.1737778
KSIF,36.4372222,-79.851
KBJJ,40.8748333,-81.88825
KFYJ,37.5213611,-76.76275
KYKN,42.9166944,-97.3859444
KHTS,38.3685078,-82.5603602
KOJC,38.8476019,-94.7375858
KMAC,32.8217644,-83.5619349
KOTM,41.1071813,-92.4470727
KCMX,47.1684164,-88.4890686
KFFL,41.0557198,-91.9808218
KLBX,29.1086389,-95.4620833
KDCU,34.6540556,-86.9453611
KMVC,31.4580556,-87.3510278
KSEG,40.8212347,-76.8641722
KPTV,36.0295833,-119.0627222
KORG,30.0684516,-93.8040202
KMNE,32.6460278,-93.2980833
KPBX,37.5618114,-82.566432
KFZY,43.3507778,-76.3880556
KSNY,41.0997608,-102.9849931
KSTJ,39.7719444,-94.9097056
KDWU,38.5544608,-82.7376619
KFLP,36.2908889,-92.59025
KHJO,36.3167222,-119.6276667
KMSS,44.9362411,-74.8451197
KMIW,42.11275,-92.9177778
KMDZ,45.1013185,-90.3001744
KOSX,33.09025,-89.5420278
KSTF,33.4331111,-88.8486111
KAID,40.1086111,-85.613
KSPS,33.9888028,-98.4919028
KBEC,37.6939167,-97.2149167
KHQM,46.9711944,-123.9365556
KPBF,34.1745131,-91.9356042
KCLM,48.1201944,-123.4996944
KCSQ,41.0214444,-94.3633056
KBVU,35.9473081,-114.8610842
KWWR,36.438,-99.5226667
KSFQ,36.6828884,-76.5996232
KHSD,35.6018333,-97.7061667
KSPK,40.1450278,-111.6676944
KIKG,27.5508611,-98.0309167
KTAD,37.2592236,-104.3408614
KEMV,36.6868611,-77.48275
KRIV,33.8819433,-117.2590169
KHII,34.5711239,-114.3582769
KILN,39.4279167,-83.7921111
KCSM,35.3398392,-99.2004994
KRCR,41.0655475,-86.1817029
KELD,33.2212378,-92.8117489
KINK,31.7798056,-103.2016944
KBVS,48.4705261,-122.4216894
KAGO,33.2274722,-93.217
KZPH,28.228,-82.156
KRID,39.7560833,-84.8426944
KBIH,37.3731111,-118.3636111
KMBO,32.4386667,-90.1031111
KBNL,33.2576678,-81.3882189
KSEM,32.3439467,-86.9878056
KOLS,31.4177222,-110.8478889
KMQB,40.5200833,-90.6523889
KBVX,35.7262222,-91.6474444
KCEC,41.7801667,-124.2365278
KCXU,31.2131667,-84.2352222
KIGM,35.2594781,-113.9380503
KAUM,43.6626389,-92.9329167
KPRX,33.6366111,-95.45075
KHVR,48.5429722,-109.7623333
KABR,45.4467981,-98.4224408
KHMP,33.3899056,-84.3310333
KTMA,31.4295556,-83.4892222
KPCD,37.8686667,-89.8621389
KCRG,30.3362998962,-81.51439666750001
KEMT,34.086102,-118.035004
KDLL,43.52270126,-89.77020264
KMOT,48.2593994140625,-101.27999877929688
KRGK,44.589401,-92.485001
KSXK,42.9858275,-96.1614
KTRX,40.08349991,-93.59059906
KSLG,36.19189835,-94.48999786
KTDW,35.1698989868,-101.825996399
KCNW,31.641129,-97.073335
KCGC,28.867300033569336,-82.57129669189453
KSMS,33.994998931885,-80.361297607422
KRRT,48.94139862,-95.3483963
KMNM,45.126701,-87.638397
KCOI,28.3416004181,-80.6855010986
KEVW,41.27479935,-111.0350037
KONY,33.35089874267578,-98.81919860839844
KTOI,31.860399,-86.012101
KBKX,44.304798,-96.816902
KPPA,35.612998962402,-100.99600219727
KSYM,38.215,-83.587611
KSFF,47.682800292969,-117.32299804688
KRNH,45.14830017,-92.5381012
KVJI,36.687099,-82.033302
KJSO,31.8693008423,-95.2173995972
KMWK,36.45970154,-80.5530014
KHFJ,36.9062,-94.012802
KLNN,41.683998,-81.389702
KNQX,24.57579994,-81.68890381
KHZD,36.08929825,-88.46330261
KPIM,32.8406982422,-84.8824005127
KHSI,40.6053009033,-98.4279022217
KRUE,35.25910187,-93.09329987
KFGX,38.5418014526,-83.74340057370001
KDRI,30.831699,-93.339897
KSJN,34.51860046,-109.3789978
KDGW,42.79719925,-105.3860016
KBLF,37.29579925537109,-81.20770263671875
KLJF,45.09709930419922,-94.5073013305664
KPCZ,44.33330154,-89.01979828
KDVK,37.579409,-84.774347
KLRJ,42.77799988,-96.1937027
KWDG,36.3791999817,-97.7910995483
KMMI,35.39730072,-84.56259918
KASL,32.5205001831,-94.307800293
KIPJ,35.483299,-81.161301
KLOU,38.2280006409,-85.6636962891
KDOV,39.12950134,-75.46600342
KDUX,35.8578987121582,-102.01300048828124
KLPR,41.34429932,-82.17759705
KVTA,40.0247001648,-82.46179962160001
KOJA,35.5448,-98.668503
KMQI,35.91899872,-75.69550323
KENV,40.7187004089,-114.03099823
KDNA,31.881001,-106.705002
KBYI,42.5425987244,-113.772003174
KTHA,35.38010025,-86.24639893
KDCA,38.8521,-77.037697
KALI,27.7409000397,-98.02690124510002
KJVW,32.30329895,-90.40850067
KCVB,29.3418998718,-98.8508987427
KUTA,34.680999755859,-90.346702575684
KGAI,39.1683006287,-77.1660003662
KEGT,37.32360076904297,-97.38829803466795
KJFX,33.90200043,-87.31420135
KCBF,41.2592010498,-95.760597229
KCWC,33.85779953,-98.49040222
KFOD,42.55149841,-94.19259644
KLXV,39.220298767100005,-106.317001343
KCXL,32.6694984436,-115.513000488
KSMO,34.0158,-118.450996
KCMR,35.3022,-112.194
KFAM,37.76110077,-90.4285965
KMPE,32.7994,-89.125999
KIFA,42.4707984924,-93.2699966431
KDCY,38.70040130615234,-87.12969970703125
KSCA,40.241402,-84.150902
KGDB,44.75329971,-95.55599976
KPLR,33.558799743652,-86.249099731445
KSRE,35.27470016479492,-96.6752014160156
KMHV,35.05939865,-118.1520004
KSUO,43.2585,-100.85952
KAXA,43.0778999329,-94.2720031738
KSPG,27.7651,-82.626999
KMIT,35.507401,-119.192002
KDYR,35.99800109863281,-89.40660095214844
KNYL,32.656601,-114.606003
KCZT,28.5221996307,-99.823600769
KMWH,47.20769882,-119.3199997
KHMZ,40.08530045,-78.5121994
KLAW,34.5676994324,-98.4166030884
KCQB,35.72380065917969,-96.82029724121094
KRCE,35.48809814,-97.82360077
KUNU,43.42660141,-88.70320129
KLHZ,36.0233,-78.330299
KMNN,40.6161994934,-83.06349945070001
KPRS,29.634212,-104.361493
KRNC,35.69869995,-85.84380341
KUMP,39.93519974,-86.04499817
KELY,39.29970169,-114.8420029
KTDZ,41.56489944,-83.4822998
KRZR,35.2114972,-84.7997694
KSER,38.923599243164,-85.907402038574
KPRZ,34.14550018310547,-103.41000366210938
KHVS,34.4030990601,-80.11920166019999
KCDS,34.4337997437,-100.288002014
KLNC,32.579200744628906,-96.71900177001952
KHVC,36.85699844360352,-87.4551010131836
KAXV,40.49340057,-84.29889679
KLLQ,33.6385994,-91.75099945
KLUL,31.6725997925,-89.172203064
KMLC,34.882401,-95.783501
KMFV,37.646900177,-75.761100769
KDBN,32.5644,-82.985298
KPVJ,34.71110153,-97.22319794
KLOM,40.1375007629,-75.2650985718
KEZM,32.21419906616211,-83.12799835205078
KUXL,30.13139915,-93.37609863
KELN,47.03300095,-120.5309982
KHSG,43.713602,-108.389687
KOMN,29.300600051879883,-81.11360168457031
KGOK,35.84980011,-97.41560364
KPGR,36.06290054,-90.50779724
KMKV,31.09469985961914,-92.06909942626952
KFFM,46.28440094,-96.15670013
KPPF,37.32989883,-95.5062027
KDUG,31.4689998627,-109.603996277
KVCV,34.597499847399995,-117.383003235
KPIL,26.166200637817383,-97.3459014892578
KLFI,37.082901001,-76.360496521
KVCB,38.376800537109375,-121.96199798583984
KCGZ,32.954899,-111.766998
KELK,35.43080139,-99.39430237
KBGD,35.700901031499995,-101.393997192
KBTA,41.41809844970703,-96.11360168457033
KDUC,34.47090149,-97.9598999
KDVO,38.143600463867,-122.55599975586
KHHF,35.89530182,-100.4039993
KPHG,39.735801696777344,-99.31710052490234
KHRX,34.85779953,-102.3259964
KEAN,42.0555,-104.929001
KBPI,42.58509827,-110.1110001
KOQN,39.990101,-75.581902
KTXW,26.177601,-97.973098
KINJ,32.0835,-97.097198
KBKD,32.71900177,-98.8909988403
KJCT,30.5112991333,-99.7634963989
KATS,32.8525009155,-104.468002319
KSGH,39.840301513672,-83.840202331543
KLRO,32.89780045,-79.78289795
KGUY,36.6851005554,-101.508003235
KPTB,37.183799743652,-77.507400512695
KPMH,38.8404998779,-82.84729766850002
KCDI,39.97499847412109,-81.57759857177734
KSDY,47.706902,-104.193001
KHRJ,35.379398,-78.733002
KIRK,40.09349822998047,-92.5448989868164
KACJ,32.110802,-84.188904
KSTK,40.61529922,-103.2649994
KFPY,30.0693,-83.580597
KRCZ,34.8913,-79.759598
KLMS,33.1461982727,-89.0625
KFXY,43.23469925,-93.62409973
KMER,37.38050079,-120.5680008
KSME,37.0533981323,-84.6158981323
KJKJ,46.83929825,-96.66369629
KRBL,40.1506996155,-122.251998901
KOPL,30.558399,-92.099403
KSNH,35.1703987121582,-88.21589660644531
KFRM,43.643901825,-94.4156036377
KFMN,36.7411994934,-108.230003357
KVHN,31.057800292969,-104.78399658203
KECU,29.9468994140625,-100.17400360107422
KHBI,35.65449905,-79.8946991
KHPY,29.7861003876,-94.9526977539
KDNV,40.19919968,-87.59590149
KGNG,42.91719818,-114.7649994
KOIC,42.566600799561,-75.524101257324
KEDN,31.29969978,-85.89990234
KDMN,32.262298584,-107.721000671
KPEZ,28.954200744628903,-98.5199966430664
KMAN,43.581298828125,-116.52300262451
KHRI,45.828223,-119.259024
KSUZ,34.590599,-92.479401
KDCM,34.78929901123047,-81.19580078125
KMGC,41.7033004761,-86.8211975098
KLVS,35.6542015076,-105.141998291
KSEP,32.215301513672,-98.177696228027
KOEL,39.109901428222656,-100.81600189208984
KBTF,40.8694000244,-111.927001953
KPJC,40.80160141,-80.16069794
KGLD,39.37060165,-101.6989975
KLXN,40.7910003662,-99.7772979736
KBPG,32.212601,-101.522003
KCSV,35.9513015747,-85.08499908450001
KMRJ,42.886799,-90.236198
KEKO,40.82490158081055,-115.79199981689452
KHMT,33.7340011597,-117.023002625
KAZE,31.884700775146484,-82.64739990234375
KDXR,41.3714981079,-73.48220062259999
KLHM,38.90919876098633,-121.35099792480467
KEYE,39.830699920654,-86.294403076172
KOVE,39.487800598145,-121.62200164795
KRYV,43.16960144042969,-88.72319793701172
KAQW,42.695899963378906,-73.17040252685547
KGHG,42.09830093383789,-70.67220306396484
KIWD,46.527500152600005,-90.131401062
KCRX,34.9150009155,-88.6035003662
KBHC,31.71380043029785,-82.393798828125
KAVK,36.77320098876953,-98.6698989868164
KMFI,44.6369018555,-90.1893005371
KIJX,39.774600982666016,-90.23829650878906
KAWO,48.16070175,-122.1589966
KLKR,34.72290039,-80.854599
KCBK,39.42750168,-101.0469971
KAOH,40.706902,-84.026703
KIML,40.50930023,-101.6210022
KHNZ,36.36159897,-78.52919769
KPBG,44.6509017944336,-73.46810150146484
KMEB,34.791901,-79.365799
KDYA,32.46379852294922,-87.9541015625
KSNK,32.690212,-100.948918
KFYM,35.059700012200004,-86.5640029907
KCBE,39.615398407,-78.7609024048
KEWK,38.0582008362,-97.2744979858
KPOC,34.091598510742,-117.78199768066
KTKX,36.2258987427,-90.0365982056
KHEE,34.576571,-90.67616
KPTW,40.239601,-75.556702
KSWW,32.467399597168,-100.46700286865
KEHO,35.25559998,-81.60099792
KEBG,26.4417,-98.1222
KCMY,43.958302,-90.7379
KRPD,45.418999,-91.773499
KDYB,33.0634,-80.279297
KFIT,42.55410003662109,-71.75900268554688
KSBS,40.5163002,-106.8659973
KFET,41.44910049,-96.52020264
KEVM,47.42509842,-92.49849701
KFWB,36.698497,-93.402249
KBMT,30.070635,-94.215746
KIXA,36.32979965,-77.63523102
KAPS,30.087,-90.582602
KJWG,35.86470032,-98.42079926
KLMO,40.1637001,-105.163002
KCKZ,40.389198303222656,-75.29049682617188
KNMM,32.55210114,-88.55560303
KSKF,29.38419914,-98.58110046
KLND,42.8152008057,-108.730003357
KRZL,40.9478988647,-87.1826019287
KGEY,44.51679993,-108.0830002
KHOE,31.05590057373047,-82.77410125732422
KNRN,39.850399017333984,-99.89469909667967
KHAB,34.11759949,-87.99819946
KXBP,33.175301,-97.8284
KPHD,40.470901489258,-81.419700622559
KANY,37.158501,-98.079597
KLNR,43.2117004395,-90.181602478
KOEB,41.9333992,-85.05259705
KRSV,39.01599884033203,-87.6498031616211
KPQN,43.98329925537109,-96.30030059814452
KTFP,27.9130001068,-97.2115020752
KCCY,43.0726013184,-92.6108016968
KSAR,38.1488990784,-89.6986999512
KGGP,40.71120071411133,-86.3749008178711
KINW,35.021900177,-110.722999573
KDRP,35.1200556,-90.8265
KEQA,37.7741012573,-96.8175964355
KPEA,41.40010070800781,-92.9458999633789
KFHR,48.5219993591,-123.024002075
KSDA,40.7515983581543,-95.4136962890625
KMEZ,34.545399,-94.202698
KAKO,40.1755981445,-103.222000122
KARB,42.2229995728,-83.74559783939999
KBCE,37.706401825,-112.144996643
KWJF,34.74110031,-118.2190018
KJES,31.55400085,-81.88249969
KSQI,41.74280167,-89.67630005
KAMG,31.53610038757324,-82.50659942626953
KBTN,45.815200805664,-97.743103027344
KSUW,46.689701080322,-92.094703674316
KRKW,35.9222984314,-84.6896972656
KAEL,43.68149948,-93.36720276
KOZA,30.735300064087,-101.20300292969
KLWA,42.3512,-86.255699
KLNP,36.9874992371,-82.5299987793
KMYJ,39.157501220703125,-91.81829833984376
KPDT,45.695098877,-118.841003418
KPYX,36.412899017333984,-100.7519989013672
KASJ,36.29750061035156,-77.1708984375
KJAU,36.334599,-84.1623
KCEK,40.61790085,-96.92489624
KCNU,37.668800354,-95.4850997925
KITR,39.24250030517578,-102.28500366210938
KGPM,32.69879913330078,-97.0468978881836
KMKS,33.18550109863281,-80.03630065917969
KIOB,38.05810165,-83.979599
KOKK,40.528198242188,-86.05899810791
KPJY,37.97790145874024,-89.3604965209961
KTQK,38.47430038452149,-100.88500213623048
KSYI,35.56010056,-86.44249725
KCKP,42.7317009,-95.55590057
KFMM,40.33359909057617,-103.8040008544922
KARW,32.4122009277,-80.6343994141
KBEA,28.361900329589844,-97.79100036621094
KDEW,47.96659851,-117.427002
KTCY,37.68899917602539,-121.44200134277344
KMLE,41.19599914550781,-96.11199951171876
KRQB,43.7225990295,-85.50409698490002
KDAG,34.85369873,-116.7870026
KGZH,31.4158,-87.043999
KPOY,44.867198944092,-108.79299926758
KEOE,34.30929947,-81.63970184
KEUL,43.64189911,-116.6360016
KLSN,37.06290054,-120.8690033
KTSP,35.134998321533,-118.43900299072
KGYB,30.1693,-96.980003
KWLW,39.51639938,-122.2180023
KSNL,35.357898712158,-96.942802429199
KPLK,36.62590027,-93.22889709
KWVI,36.9356994629,-121.790000916
KFKR,40.273399353027344,-86.56220245361328
KMDS,44.01599884,-97.08589935
KETB,43.4221992493,-88.1278991699
KGUP,35.511100769,-108.789001465
KOLU,41.44800186,-97.34259796
KPMZ,35.80839920043945,-76.7593002319336
KPYM,41.909,-70.728798
KBUU,42.69070053100586,-88.30460357666016
KMKO,35.656502,-95.366699
KEOK,40.4598999023,-91.4284973145
KRWL,41.80559921,-107.1999969
KAFK,40.60689926,-95.86569977
KAPY,26.9687995911,-99.2489013672
KAMN,43.322101593,-84.68800354
KBXA,30.8136997223,-89.8649978638
KIAB,37.62189865,-97.26820374
KMDH,37.778099060058594,-89.25199890136719
KMBY,39.464393,-92.428365
KVMR,42.76530075,-96.93430328
KDWA,38.57910156,-121.8570023
KLHW,31.889099,-81.562303
KUKL,38.30250168,-95.72499847
KJCA,34.174,-83.560699
KGNC,32.671532,-102.656851
KELZ,42.10950089,-77.98999786
KMBG,45.54650116,-100.4079971
KODX,41.62419891357422,-98.95240020751952
KLAA,38.064852,-102.683201
KROX,48.85599899,-95.6969986
KLUM,44.89229965209961,-91.8678970336914
KVER,38.94670104980469,-92.68270111083984
KAIV,33.106499,-88.1978
KPUJ,33.913306,-84.942083
KGRE,38.8362007141,-89.37840271
KCTB,48.6083984375,-112.375999451
KIWS,29.8181991577,-95.6725997925
KBXK,33.422397,-112.686317
KCOM,31.8411006927,-99.4036026001
KGZS,35.15370178222656,-87.05680084228516
KELA,29.600599288900003,-96.3218994141
KLUD,33.254601,-97.580597
KTNP,34.133901,-115.947347
KBBD,31.1793003082,-99.3238983154
KDEQ,34.047001,-94.399399
KIEN,43.0224990845,-102.511001587
KHSB,37.81129837,-88.5503006
KTBN,37.74160004,-92.14070129
KDEH,43.27550125,-91.73940277
KAXX,36.422000885,-105.290000916
KUKI,39.125999450684,-123.20099639893
KJDD,32.742199,-95.496498
KHBZ,35.5117,-92.013
KPBH,45.70899963378906,-90.40249633789062
KGEZ,39.583199,-85.804802
KJYM,41.92129898071289,-84.58580017089844
KHTH,38.544399,-118.634002
KLUV,32.756302,-101.919997
KLLN,33.5525016784668,-102.37200164794922
KFDW,34.31549835205078,-81.10880279541016
KHEQ,40.56940078735352,-102.27300262451172
KADH,34.805214,-96.671988
KLWV,38.7643013,-87.6054992676
KCFS,43.458801269531,-83.445503234863
KBHK,46.347599,-104.259002
KIBM,41.1880989074707,-103.677001953125
KBNO,43.5918998718,-118.955001831
KMCE,37.28469849,-120.5139999
KSCD,33.17179870605469,-86.30549621582031
KCFD,30.7157001495,-96.3313980103
KSBX,48.5406990051,-111.871002197
KONA,44.07720184,-91.70829773
KRTS,39.6674003601,-119.875999451
KHZE,47.28990173,-101.5810013
KHEG,30.27779960632324,-81.80590057373047
KPUC,39.61389923,-110.7509995
KRQO,35.47269821,-98.00579834
KFZG,31.68370056152344,-83.27050018310547
KPSN,31.779699325562,-95.706298828125
KBYH,35.9642982483,-89.94400024410001
KMOX,45.56600189,-95.96720123
KOXB,38.310398101807,-75.124000549316
KEFT,42.61489868164063,-89.59040069580078
KTTD,45.54940032959,-122.40100097656
KLLR,39.262001037597656,-123.75399780273438
KGZN,32.367348,-99.023642
KPVC,42.0718994141,-70.2213973999
KAQO,30.783700942993,-98.662002563477
KPOF,36.773899078369,-90.324897766113
KCKF,31.98880005,-83.77390289
KCDR,42.837600708,-103.095001221
KFKS,44.62519836425781,-86.20079803466797
KIDI,40.63219833,-79.10549927
KOGA,41.11949921,-101.7699966
KDLO,35.745601654052734,-119.23699951171876
KMVL,44.53459930419999,-72.6139984131
KPVF,38.724201202393,-120.75299835205
KKNB,37.01110076904297,-112.53099822998048
KAUN,38.95479965,-121.0820007
KMIO,36.909199,-94.887497
KAYS,31.2490997314,-82.39550018310001
KICL,40.72180176,-95.02639771
KPDC,43.019298553467,-91.12370300293
KLVN,44.62789916992188,-93.22810363769533
KSAD,32.85480118,-109.6350021
KLNL,46.15399933,-89.21209717
KBKE,44.8372993469,-117.808998108
KFSK,37.7984008789,-94.7694015503
KFRH,38.5061988831,-86.63690185550001
KSVN,32.00999832,-81.14569855
KIRS,41.81330109,-85.43900299
KSTE,44.5452003479,-89.530296325684
KDXE,36.77750015,-89.94120026
KBDE,48.7284011841,-94.612197876
KBTY,36.8610992432,-116.787002563
KTOB,44.01800155639648,-92.8314971923828
KOWA,44.12340164,-93.26059723
KSGS,44.85710144,-93.03289795
KDTA,39.3805999756,-112.508003235
KMGN,45.42559814453125,-84.91339874267578
KADF,34.0998001099,-93.0661010742
KSXU,34.93439865,-104.6429977
KCQX,41.68840026855469,-69.989501953125
KHNR,41.58440017700195,-95.339599609375
KONM,34.022499084472656,-106.90299987792967
KEOS,36.81079864501953,-94.3917007446289
KGGW,48.212502,-106.614998
KMUL,31.141569,-83.703718
KMCD,45.86489868,-84.63729858
KTOR,42.0644989,-104.1529999
KCAO,36.4462013245,-103.166999817
KMNZ,31.6658992767334,-98.14859771728516
KPVE,35.65639877319336,-88.19539642333984
KOTG,43.65510177612305,-95.5792007446289
KTGC,35.932498931884766,-88.8488998413086
KSAZ,46.38090133666992,-94.80660247802734
KHVE,38.4179992676,-110.70400238
KPRN,31.84569931,-86.61070251
KEBA,34.095199585,-82.81590271
KFIG,41.04859924316406,-78.41310119628906
KUBS,33.4654006958,-88.3803024292
KFMH,41.657899,-70.52163
KEKN,38.88940048,-79.85710144
KLKU,38.00979996,-77.9701004
KHAF,37.5134010315,-122.500999451
KHEI,46.01490020751953,-102.65599822998048
KRPX,46.475095,-108.541497
KBFE,33.173099517822266,-102.19300079345705
KDWX,41.038299560547,-107.49700164795
KMLS,46.428001403808594,-105.88600158691406
KBVI,40.7724990845,-80.39140319820001
KSCX,36.45560073852539,-84.58570098876953
KSZY,35.20289993286133,-88.49839782714844
KOGM,46.84550095,-89.36710358
KOMK,48.4644012451,-119.517997742
KRIU,38.48680114746094,-121.10299682617188
KDNS,41.9864006,-95.38069916
KMLF,38.42660141,-113.012001
KDUJ,41.17829895,-78.8986969
KOZS,37.974024,-92.691254
KFBR,41.3918991089,-110.406997681
KCPC,34.27289963,-78.71499634
KCVH,36.8932991028,-121.410003662
KISQ,45.97460175,-86.17179871
KTCS,33.2369,-107.272003
KSLB,42.5973014832,-95.2406997681
KULS,37.60400009,-101.3740005
KHDE,40.452099,-99.336502
KMYZ,39.85530090332031,-96.63059997558594
KWRL,43.965698,-107.950996
KHZY,41.778,-80.695503
KBBW,41.4365005493,-99.6421966553
KADW,38.810799,-76.866997
KMWC,43.110401,-88.034401
KBIE,40.3013000488,-96.75409698490002
KCKC,47.8382987976,-90.3828964233
KJQD,37.458302,-86.849998
KRCV,37.71360016,-106.3539963
KOXD,39.50230026,-84.78440094
KHCD,44.85990143,-94.38249969
KONL,42.469898,-98.688103
KRCM,38.78419876098633,-93.80290222167967
KLKV,42.1610984802,-120.399002075
KBWP,46.2440986633,-96.6073989868
KPSX,28.727500915527,-96.250999450684
KGWR,46.21870040893555,-97.64320373535156
KOKM,35.668098449707,-95.948699951172
KFLV,39.3683013916,-94.9147033691
KKLS,46.11800003049999,-122.898002625
KHWY,38.58629989624024,-77.71060180664062
KHIE,44.367637,-71.544502
KOLZ,42.68080139160156,-91.97450256347656
KVES,40.20439910888672,-84.53189849853516
KEZZ,39.7276001,-94.27639771
KVLL,42.54290009,-83.17790222
KCOF,28.2348995209,-80.6100997925
KTMK,45.4182014465,-123.814002991
KFNB,40.078800201416016,-95.59200286865234
KJSY,45.3596000671,-117.253997803
KGCM,36.292701721191406,-95.47959899902344
KAIB,38.238800048828,-108.56300354004
KTIF,41.96220016,-100.5690002
KFYE,35.207698822021484,-89.39450073242188
KERY,46.31119918823242,-85.4572982788086
KSYF,39.76110077,-101.7959976
KHWV,40.8218994141,-72.86940002440001
KELO,47.82450104,-91.83070374
KSJX,45.69229888916016,-85.56659698486328
KIGQ,41.5349006652832,-87.52950286865234
KANQ,41.639702,-85.083504
KVVS,39.95920181,-79.65709686
KFLX,39.4990997314,-118.749000549
KXLL,40.570105,-75.486763
KLSB,32.3334999084,-108.692001343
KHQG,37.1631012,-101.3710022
KCRT,33.1782989502,-91.8802032471
KDVL,48.11420059,-98.90879822
KFOT,40.55390167,-124.1330032
KRNP,42.993000030518,-84.138900756836
KBFR,38.84000015,-86.44539642
KEPH,47.30759811,-119.5159988
KLZZ,31.106199264526367,-98.1958999633789
KHHG,40.85290145874024,-85.45709991455078
KRAS,27.8118,-97.088799
KPMV,40.95019913,-95.91790009
KMPR,38.35240173,-97.69129944
KTCC,35.182800293,-103.602996826
KTVF,48.06570053,-96.18499756
KVKS,32.23929977417,-90.928398132324
KHST,25.48859978,-80.38359833
KBRG,34.645198,-106.834
KSHL,43.208401,-95.833396
KGHW,45.64390182495117,-95.32039642333984
KGAS,38.83409881591797,-82.16339874267578
KENL,38.5150985718,-89.0911026001
KMLT,45.64780044555664,-68.68560028076172
KWST,41.3496017456,-71.8033981323
KTQE,41.76350021362305,-96.17790222167967
KCAD,44.275749,-85.421534
KETN,32.4135017395,-98.8097991943
KAAS,37.35829925537109,-85.30940246582031
KFOA,38.66490173339844,-88.4530029296875
KCLK,35.53829956,-98.93270111
KDUB,43.5483016968,-109.690002441
KEFW,42.0102005,-94.34259796
KBAM,40.598999023400005,-116.874000549
KSVE,40.375701904297,-120.57299804688
KJFZ,37.063702,-81.798302
KIIY,33.77939987,-82.81580353
KGNB,40.08969879150391,-105.91699981689452
KJAQ,38.3768005371,-120.793998718
KMAO,34.18119812011719,-79.33470153808594
KAHH,45.2811012268,-92.3753967285
KMXO,42.22040176,-91.16329956
KBYL,36.7949981689,-84.1995010376
KTYL,34.45280075,-110.1149979
KGNF,33.83250045776367,-89.79820251464844
KFVE,47.2854995728,-68.31279754639999
KFFX,43.43930054,-85.99490356
KGGI,41.70920181274414,-92.73490142822266
KHYX,43.4333992,-83.86229706
KVNW,40.86470031738281,-84.6093978881836
KAJZ,38.786399841308594,-108.06400299072266
KCZD,40.86909866,-100.0039978
KDDH,42.8913002,-73.24639893
KHTF,42.382139,-77.68211
KTAN,41.8744010925293,-71.0166015625
KPYP,34.089977,-85.610069
KRDK,41.01050186,-95.25990295
KFRI,39.053021,-96.764202
KBWW,46.1655193,-103.30075
KXVG,46.9902,-94.204002
KAXQ,41.22579956054688,-79.44100189208984
KMCF,27.84930038,-82.52120209
KIIB,42.45360184,-91.94760132
KEMM,41.82410049439999,-110.556999207
KOLE,42.24119949,-78.37139893
KTVK,40.68389893,-92.90100098
KCEV,39.6985015869,-85.129699707
KIDL,33.485699,-90.678902
KSHN,47.233600616455,-123.14800262451
KLPC,34.665599823,-120.468002319
KOXV,41.29890060424805,-93.11380004882812
KADC,46.45029830932617,-95.21099853515624
KCCA,35.597801208496094,-92.45159912109376
KBQP,32.75510025,-91.88189697
KAXS,34.697952,-99.3385
KMAW,36.6006012,-89.99220276
KPNT,40.924255,-88.62447
KGOO,39.223998,-121.002997
KPRO,41.82799911,-94.15989685
KCVK,36.26490021,-91.56259918
KCQA,40.48410034179688,-84.56009674072266
KUDG,34.449401,-79.890098
KFUL,33.8720016479,-117.980003357
KZER,40.70650101,-76.37310028
KSWT,40.86470032,-97.10919952
KTEW,42.56579971,-84.42320251
KJSV,35.4382019,-94.80280304
KCUH,35.950496,-96.772371
KRZN,45.82270050048828,-92.37249755859376
KHAE,39.72449875,-91.4437027
KSCR,35.7043,-79.504204
KFKN,36.698101,-76.903801
KHLB,39.3445014954,-85.25830078119999
KTVY,40.61230087,-112.3509979
KECS,43.885399,-104.318001
KETC,35.93709945678711,-77.54660034179686
KIZG,43.9911003113,-70.9478988647
KCKI,33.71720123291016,-79.85700225830078
KJAS,30.8857,-94.034897
KCGE,38.53929901,-76.03040314
KSYV,31.558500289917,-83.895698547363
KLWL,41.117099762,-114.92199707
KGXF,32.887501,-112.720001
KRYW,30.4986,-97.969498
KSLO,38.64289855957,-88.964202880859
KOWI,38.538700103759766,-95.25299835205078
KPRG,39.70019912719727,-87.66960144042969
KLIU,33.923901,-102.387001
KRQE,35.652099609375,-109.06700134277344
KNIP,30.2358,-81.680603
KLVJ,29.521299362182617,-95.24210357666016
KAPV,34.575298309299995,-117.185997009
KACP,30.75029945373535,-92.68830108642578
KGHM,35.8373985291,-87.44539642330001
KFVX,37.35749817,-78.43779755
KBWC,32.99290085,-115.5169983
KRYN,32.1422004699707,-111.1750030517578
KJYG,43.98630142211914,-94.55789947509766
KLNA,26.59300041,-80.08509827
KBKT,37.0741996765,-77.9574966431
KUCP,41.02529907,-80.41339874
KAQX,32.995098,-81.270203
KHUL,46.1231002808,-67.792098999
KCHK,35.09740067,-97.96769714
KJHN,37.583039,-101.733002
KHCO,48.75270080566406,-96.94300079345705
KTLR,36.15629959,-119.3259964
KDFI,41.3375015259,-84.4288024902
KHHW,34.03480148,-95.54190063
KRVN,36.45759963989258,-82.88500213623047
KPHK,26.78499985,-80.69339752
KMRT,40.224700927734375,-83.35160064697266
KFBL,44.32844,-93.312534
KLCG,42.24190139770508,-96.9813995361328
KBXG,33.04130172729492,-82.00270080566406
KUBX,38.06880187988281,-91.42890167236328
KOLF,48.0945014954,-105.574996948
KEVY,39.520401,-75.720398
KLOL,40.0663986206,-118.565002441
KCLW,27.9766998291,-82.7586975098
KSQL,37.511901855469,-122.25
KWLD,37.168598,-97.037598
KBNW,42.0495986938,-93.8476028442
KHZR,30.71829987,-91.47869873
KOSC,44.451599,-83.394096
KBIJ,31.397499084472656,-84.8947982788086
KKIC,36.2280006409,-121.122001648
KSOA,30.585699081421,-100.6490020752
KVLA,38.991500854492,-89.166198730469
KXSA,37.8596,-76.894096
KRPJ,41.8930015564,-89.0783004761
KORE,42.570098877,-72.2885971069
KCHT,39.78219985961914,-93.49569702148436
KOWP,36.1753006,-96.15180206
KSPB,45.77099990844727,-122.86199951171876
KLLU,37.48949813842773,-94.3115005493164
KGVE,38.15599823,-78.165802002
KCQM,47.8218994140625,-92.68939971923828
KRFI,32.141700744628906,-94.85169982910156
KMEJ,37.27690124511719,-100.3560028076172
KAUH,40.89410019,-97.99459839
KBAC,46.94100189,-98.01760101
KEZI,41.2052001953125,-89.96389770507811
KDXX,44.98619842529297,-96.17769622802734
KRCP,39.346592,-99.304649
KUBE,45.50600051879883,-91.9811019897461
KMHP,32.3739013671875,-82.0792007446289
KRVL,40.6773986816,-77.6268005371
KFGU,35.044315,-85.020146
KPVB,42.68939972,-90.44439697
KLYO,38.34280014,-98.22689819
KGUS,40.6481018066,-86.1520996094
KIWH,40.762001037597656,-85.79879760742188
KHYW,33.82849884,-79.12220001
KRXE,43.8339,-111.805002
KCNK,39.5493011475,-97.6522979736
KLSK,42.7537994385,-104.404998779
KJXI,32.699001,-94.948898
KORB,48.015899658203125,-92.8561019897461
KTTS,28.615,-80.694504
KEST,43.40739822,-94.74639893
KRLD,46.30559921264648,-119.3040008544922
KGNT,35.167301178,-107.902000427
KJKL,37.59389877319336,-83.31729888916016
KHBR,34.991317,-99.051313
KNVD,37.85210037231445,-94.30490112304688
KEZS,44.7869987487793,-88.55899810791016
KLUX,34.50709915161133,-81.94719696044922
KGUR,42.259601593,-104.727996826
KUYF,39.93270111,-83.46199799
KAFP,35.020599,-80.077103
KMVM,44.70309829711914,-67.47859954833984
KORS,48.7081985474,-122.910003662
KSLH,45.65370178,-84.51930237
KCII,47.82830047607422,-112.16799926757812
KFOZ,47.78279876708984,-93.65019989013672
KPZQ,45.40710067749024,-83.81289672851561
KLKP,44.2644996643,-73.96189880370001
KEVU,40.35250092,-94.91500092
KIZA,34.60680008,-120.0759964
KBDU,40.0393981934,-105.225997925
KCWV,32.195098876953125,-81.86959838867188
KGDW,43.9706001282,-84.47499847410002
KMNI,33.587100982666016,-80.20870208740234
KOYM,41.412498474121,-78.502601623535
KRBE,42.56969833374024,-99.56839752197266
KUWL,39.8759,-85.3265
KRKR,35.02159881591797,-94.62129974365234
KDKX,35.96390151977539,-83.8739013671875
KOVS,43.16019821,-90.67549896
KHSR,43.36819839,-103.3880005
KJYL,32.645301818847656,-81.59709930419922
KHRU,38.69469833374024,-96.80799865722656
KHTO,40.95959854,-72.25180054
KSPH,32.9833984375,-93.4092025756836
KTWT,37.54079818725586,-87.95179748535156
KLDJ,40.617401123,-74.2445983887
KCHN,27.51490020752,-81.880500793457
KUUV,38.23350143432617,-91.16429901123048
KRVJ,32.05899810791016,-82.15170288085938
KEHA,37.000702,-101.879997
KAZC,36.95989990234375,-113.01399993896484
KIJD,41.74399948120117,-72.1802978515625
KMZJ,32.5106010437,-111.32800293
KMQW,32.09579849243164,-82.87999725341797
KOAR,36.68190002,-121.762001
KFWQ,40.20970153808594,-79.8313980102539
KPMD,34.629398,-118.084999
KNGU,36.937599,-76.289299
KOLY,38.7218017578125,-88.17639923095703
KMNF,36.992801666259766,-91.7145004272461
KGCD,44.40420151,-118.9629974
KTIP,40.29359818,-88.14240265
KPLD,40.45080185,-84.99009705
KCBG,45.557498931884766,-93.26419830322266
KCUL,38.089500427246094,-88.12310028076172
KLIC,39.2747993469,-103.666000366
KEED,34.7663002014,-114.623001099
KLSF,32.337299346900004,-84.9913024902
KZEF,36.27999877929688,-80.78610229492188
KSCB,41.610298156738,-96.629898071289
KCCB,34.1115989685,-117.68800354
KIYK,35.65879822,-117.8300018
KWAL,37.9402008057,-75.4664001465
KPPQ,39.63890075683594,-90.77839660644533
KSFY,42.04579925537109,-90.10790252685548
KONZ,42.099098205566406,-83.1614990234375
KLHB,30.87179946899414,-96.62220001220705
KSIV,39.114700317383,-87.448303222656
KFOM,38.95830154,-112.362999
KDGL,31.3425998688,-109.505996704
KEKQ,36.85530090332031,-84.8561019897461
KAKH,35.202598,-81.149902
KMKA,44.52519989013672,-98.95809936523438
KBCK,44.25070190429688,-90.85530090332033
KFLY,38.9458007812,-104.569999695
KADT,39.840099,-101.042
KNFW,32.769199,-97.441498
KLEM,45.9187011719,-102.106002808
KCQW,34.71289825,-79.95700073
KFSW,40.659113,-91.327763
KAIT,46.54840087890625,-93.6768035888672
KOWX,41.03559875,-83.98200226
KSKI,42.37910079956055,-94.97969818115234
KBUB,41.7766990662,-99.14969635010002
KFME,39.08539962769999,-76.7593994141
KFZI,41.19079971,-83.39450073
KCLI,44.6138000488,-88.731300354
KHPT,42.7237014771,-93.2263031006
KBST,44.409400939941406,-69.01190185546875
KIKW,43.663054,-84.258606
KAIG,45.15420150756836,-89.11070251464844
KAJG,38.60649872,-87.72669983
KPOV,41.210201,-81.251602
KPMB,48.9425010681,-97.2407989502
KCYO,39.51599884,-82.98210144
KNKX,32.86840057,-117.1429977
KFDR,34.35200119,-98.98390198
KHLX,36.7661018371582,-80.82360076904297
KNPA,30.352699,-87.318604
KACZ,34.717899322509766,-78.00360107421875
KMJQ,43.650001525878906,-94.98650360107422
KAPT,35.060699,-85.585297
KTSO,40.56190109,-81.07749939
KPCM,28.00020027,-82.16419983
KPWD,48.790298461914,-104.53399658203
KEBD,37.6818,-82.1221
KJGG,37.239200592041016,-76.71610260009766
KEFC,44.73419952,-103.8619995
KBIF,31.84950066,-106.3799973
KTQH,35.92890167,-95.00450134
KAWG,41.276100158691406,-91.67340087890624
KMXA,35.894402,-90.154602
KEIK,40.010200500488,-105.047996521
KFFO,39.8260993958,-84.0483016968
KNBC,32.4774017334,-80.723197937
KBDQ,35.1362,-92.713501
KJMR,45.886101,-93.271796
KPTD,44.67670059,-74.9484024
KLAM,35.8797988892,-106.268997192
KGZL,35.289101,-95.093903
KVBG,34.737301,-120.584
KMCZ,35.86220169067383,-77.1781997680664
KOVO,39.04560089,-85.6053009
KFWC,38.37860107421875,-88.4126968383789
KGTB,44.05559921,-75.71949768
KRRL,45.1988983154,-89.7128982544
KAAT,41.48300171,-120.5650024
KDAW,43.28409957885742,-70.9292984008789
KLLJ,44.522999,-114.218002
KHXF,43.34930038,-88.39109802
KMPI,37.5108985901,-120.040000916
KFKA,43.67679977,-92.17970276
KXNI,35.060675,-108.9376
KHTL,44.359798,-84.671095
KEPM,44.910099029541016,-67.01270294189453
KTAZ,39.53419876098633,-89.32779693603516
KCFT,32.957039,-109.211397
KBUM,38.2897987366,-94.3401031494
KLYV,43.621200561523,-96.215797424316
KCNB,44.72949982,-96.26599884
KPOB,35.1708984375,-79.014503479004
KMGE,33.91540146,-84.51629639
KNBG,29.82530022,-90.03500366
KGSB,35.33940125,-77.96060181
KWRI,40.0155983,-74.59169769
KFTK,37.9071006775,-85.9720993042
KSLI,33.79000092,-118.052002
KNFG,33.30130005,-117.3550034
KVOK,43.938999176025,-90.253402709961
KCYW,39.3871,-97.157204
KCKN,47.8417015076,-96.62159729
KFCH,36.732399,-119.82
KFTG,39.784194,-104.537639
KTWM,47.04919815,-91.74510193
KBNG,33.922548,-116.850672
KMKN,31.91679955,-98.60030365
KBKN,36.74509811,-97.34960175
KRPB,39.817901611328125,-97.65959930419922
KLSV,36.2361984253,-115.033996582
KISN,48.177898,-103.641998
KAJO,33.897701263427734,-117.60199737548828
KMVI,37.52730178833008,-106.0479965209961
KGYL,44.75600051879883,-94.0811996459961
KHIG,39.07289886,-93.67749786
KEOP,39.166900634765625,-82.9281997680664
KUUU,41.532398,-71.281502
KMZH,46.41880035400391,-92.80470275878906
KTPF,27.915599822998,-82.44930267334
KVAY,39.9429016113,-74.845703125
KNTU,36.820702,-76.033501
KMPZ,40.94660187,-91.51110077
KLRY,38.61100006103515,-94.34210205078124
KNLC,36.33300018,-119.9520035
KTEL,38.0177002,-86.69090271
KRSL,38.872100830078,-98.811798095703
KNHK,38.285999,-76.411797
KAHQ,41.2412986755,-96.59400177
KMPJ,35.138901,-92.909202
KEBS,42.43659973,-93.86889648
KGRF,47.07920074,-122.5810013
KGOP,31.421301,-97.796996
KFSU,34.4833984375,-104.217002869
KIWI,43.9613990784,-69.712600708
KAVX,33.4049,-118.416
KRWN,41.09230041503906,-86.61289978027344
KBAD,32.5018005371,-93.6626968384
KIGX,35.935001,-79.065902
KRHV,37.332901001,-121.819000244
KVAD,30.9678001404,-83.1930007935
KOOA,41.2262001,-92.49389648
KOKS,41.401001,-102.355003
KMAL,44.85369873046875,-74.32890319824219
KPAM,30.0695991516,-85.57540130619999
KLZD,41.81969833374024,-71.9010009765625
KPNN,45.200698852539,-67.564399719238
KPSB,40.884399414062,-78.087303161621
KRFG,28.2936,-97.322998
KTNT,25.861799240112,-80.897003173828
KWEA,32.7462997437,-97.6824035645
KAOC,43.6035,-113.334
KNTD,34.120300293,-119.121002197
KEDU,38.53150177001953,-121.78600311279295
KNZY,32.69919968,-117.2149963
KFWN,41.20019912719727,-74.62300109863281
KREI,34.08530044555664,-117.14600372314452
KTHM,47.573501586914,-115.28099822998
KHLC,39.37879944,-99.83149719
KCPU,38.14609909057617,-120.64800262451172
KFRR,38.9174995422,-78.25350189210002
KWHP,34.2593002319,-118.413002014
KRND,29.52969933,-98.27890015
KNSI,33.23979949951172,-119.45800018310548
KNUC,33.02270126,-118.5879974
KEDW,34.905399,-117.884003
KMMK,41.50870132446289,-72.82949829101561
KCZG,42.078499,-76.096296
KBID,41.1680984497,-71.577796936
KORC,42.990299,-96.062798
KSWI,33.62419891357422,-96.58609771728516
KVBW,38.366699,-78.960297
